,Epoch,Batch_id,Sup loss 1,Sup loss 2
0,1.0,0.0,2.3082835003733635,2.3468252569437027
1,1.0,50.0,2.0967437624931335,2.0813457425683737
2,1.0,100.0,1.2911057732999325,1.299962007906288
3,1.0,150.0,0.7603139855200425,0.7827684203766694
4,1.0,200.0,0.9393875121604651,1.0008485263679177
5,1.0,250.0,1.14391939212328,1.1486406701269516
6,1.0,300.0,0.45014250118401833,0.4384934620356944
7,1.0,350.0,0.8182502343552187,0.8448372783313971
8,1.0,400.0,0.49516477608995046,0.4938820925890468
9,1.0,450.0,0.41103249449224677,0.4673834693385288
10,1.0,500.0,0.9792342255959738,0.9880925903112256
11,1.0,550.0,0.43837813936625025,0.42381006266805343
12,1.0,600.0,1.0227277923490874,1.0402126092833441
13,1.0,650.0,1.3732119554406381,1.3792279788958695
14,1.0,700.0,1.3574307411618065,1.4181429145662605
15,1.0,750.0,0.4811398697493132,0.4959811193548376
16,1.0,800.0,0.431541153920989,0.46743072790013684
17,1.0,850.0,0.6340326529170852,0.6528448843600927
18,1.0,900.0,0.09092741652420955,0.08585314423544332
19,1.0,950.0,0.21435216046666028,0.2265573089098325
20,1.0,1000.0,0.3441722048119118,0.34423799255819176
21,1.0,1050.0,1.0631706748827128,1.0188791318796575
22,1.0,1100.0,0.5298920576242381,0.5179628763871733
23,1.0,1150.0,0.5294888753522855,0.5617758729755451
24,1.0,1200.0,0.7499647270815331,0.7439154020466958
25,1.0,1250.0,0.7577472978155129,0.7622871199273504
26,1.0,1300.0,0.3334462402999634,0.3273103582469048
27,1.0,1350.0,0.4768163606913731,0.4795692718726059
28,1.0,1400.0,1.0590200546866981,1.0649889675260056
29,1.0,1450.0,0.7499593988304696,0.7591138801672059
30,1.0,1500.0,1.0202107810882808,0.9903684731143585
31,1.0,1550.0,0.45396349928523705,0.438191257503604
32,1.0,1600.0,0.6094219890110253,0.612346119056383
33,1.0,1650.0,0.30320597737772914,0.3033773654533434
34,1.0,1700.0,0.5765739843336632,0.5841522770861047
35,1.0,1750.0,0.7577366412660922,0.7577612024942937
36,1.0,1800.0,0.5002136296443496,0.5180138743107818
37,1.0,1850.0,0.3485647119432542,0.35155947157909395
38,1.0,1900.0,0.21873423679244297,0.22682510259983246
39,1.0,1950.0,0.6420021389858448,0.6281712367999717
40,1.0,2000.0,0.5347882346040933,0.5215431936267123
41,1.0,2050.0,0.4314837883794098,0.43837383361096727
42,1.0,2100.0,0.7616621751999446,0.7305788476533053
43,1.0,2150.0,0.41234469801929663,0.42092504643733264
44,1.0,2200.0,0.23435554713068996,0.23408871476203785
45,1.0,2250.0,0.2256960434560824,0.2203265053085488
46,1.0,2300.0,0.8925857100766734,0.9089049351896392
47,1.0,2350.0,0.36610462550015654,0.37145957646134775
48,1.0,2400.0,0.6303150804590132,0.5751440170806745
49,1.0,2450.0,0.3546567262383178,0.34924641308316495
50,1.0,2500.0,0.4672607272514142,0.46151654101140593
51,1.0,2550.0,0.5854555241094204,0.5888117794529535
52,1.0,2600.0,0.5528944630455044,0.5665166259373109
53,1.0,2650.0,0.9565811487700557,0.9598697243200149
54,1.0,2700.0,0.3726753382361494,0.3779567571473308
55,1.0,2750.0,0.45803889015951427,0.4474122973770136
56,1.0,2800.0,0.6879879268817604,0.694702458622487
57,1.0,2850.0,0.9274844892861438,0.9478633502512821
58,1.0,2900.0,0.563573405023817,0.5365021624638757
59,1.0,2950.0,0.677491241334792,0.66864233585693
60,1.0,3000.0,0.8618699224989541,0.8618105396035389
61,1.0,3050.0,0.46727282049687346,0.45304455555742607
62,1.0,3100.0,0.20656627700373065,0.20462620923353825
63,1.0,3150.0,0.7524531127419323,0.7317149733680708
64,1.0,3200.0,0.544682747189654,0.5338087855197955
65,1.0,3250.0,0.47132906397791885,0.47925207376169965
66,1.0,3300.0,0.6217954253697826,0.6428658150616684
67,1.0,3350.0,0.4821062553482989,0.48088753411593643
68,1.0,3400.0,0.42586265492718667,0.4439838928592508
69,1.0,3450.0,0.37273963462348547,0.3814727554449746
70,1.0,3500.0,0.24081378908158513,0.24858641442551743
71,1.0,3550.0,0.656867760419118,0.6579246259989304
72,1.0,3600.0,0.691671347668489,0.7073752631272328
73,1.0,3650.0,0.26896583698908216,0.2696453687676694
74,1.0,3700.0,0.10930227001654202,0.10541911028985851
75,2.0,0.0,0.36662871458793234,0.3567318714085559
76,2.0,50.0,0.7593976943489906,0.7709878265771977
77,2.0,100.0,0.17178614802162429,0.16846135965943176
78,2.0,150.0,0.09418909043142776,0.09395721677037727
79,2.0,200.0,0.1893766391040117,0.18696860854470287
80,2.0,250.0,0.27363624959252775,0.2637114980316255
81,2.0,300.0,0.31994303962619597,0.3338347263761534
82,2.0,350.0,0.1600481462796779,0.15704256646404247
83,2.0,400.0,0.41817677116341656,0.4261925438986509
84,2.0,450.0,0.5267579619821845,0.5170393343796604
85,2.0,500.0,1.258773702434837,1.2739553492397135
86,2.0,550.0,0.2150743421361767,0.2134772048530067
87,2.0,600.0,0.349009107966026,0.35393605672140893
88,2.0,650.0,0.41939960941499477,0.42508362676517164
89,2.0,700.0,0.3672714654712763,0.35879394890253025
90,2.0,750.0,0.4344951744074024,0.4505479312717853
91,2.0,800.0,0.7250158795104653,0.7202042493854606
92,2.0,850.0,0.5267671335750492,0.5208927642488561
93,2.0,900.0,0.4845662086871694,0.4738600281089016
94,2.0,950.0,0.0855545102913311,0.08829926401176635
95,2.0,1000.0,0.6573682364324895,0.6574425505465342
96,2.0,1050.0,1.406454307445415,1.3950376449276973
97,2.0,1100.0,0.10679379042721848,0.10768060308464555
98,2.0,1150.0,0.28646339772694773,0.2840854409578242
99,2.0,1200.0,0.6402282326744171,0.6438716950506205
100,2.0,1250.0,0.1483185592769587,0.14705444641913346
101,2.0,1300.0,0.6715154230214466,0.6793524828708541
102,2.0,1350.0,0.4853493536120368,0.4950882775574428
103,2.0,1400.0,0.23528232159651452,0.2324493170799542
104,2.0,1450.0,0.2869145934482731,0.2955518944402229
105,2.0,1500.0,0.6664152819103037,0.6646261103633151
106,2.0,1550.0,0.0830526806821581,0.08299922970763873
107,2.0,1600.0,0.10389766599834616,0.10342690718240277
108,2.0,1650.0,0.45982466632995056,0.46771479792369064
109,2.0,1700.0,0.05423342228016281,0.0558190908236611
110,2.0,1750.0,0.24622546759519537,0.25059177786715736
111,2.0,1800.0,0.5020838991349592,0.503651457182059
112,2.0,1850.0,0.5197487486136367,0.5308470813238557
113,2.0,1900.0,0.26409824592428777,0.27018553364314357
114,2.0,1950.0,0.2344697643929976,0.2422608963570383
115,2.0,2000.0,0.07880936688330564,0.08268071616825523
116,2.0,2050.0,0.18664002921400424,0.18933902664275593
117,2.0,2100.0,0.3139988453160072,0.3134389787321652
118,2.0,2150.0,0.2514371458545952,0.24232122958204627
119,2.0,2200.0,0.21900730146542458,0.22056064883450688
120,2.0,2250.0,0.33708346547427936,0.33902139285055455
121,2.0,2300.0,0.918394373929857,0.9184506669673169
122,2.0,2350.0,0.2176889182769628,0.21861273141166748
123,2.0,2400.0,0.5678094808581591,0.5604065595161956
124,2.0,2450.0,0.27654562232169155,0.2696346510240346
125,2.0,2500.0,0.4443030782201731,0.4477173139362094
126,2.0,2550.0,0.37291867528210787,0.3634432346170797
127,2.0,2600.0,0.41810752687774766,0.4089960416733902
128,2.0,2650.0,0.14490226267321304,0.14710896984377086
129,2.0,2700.0,0.23471486466149827,0.23575485421321218
130,2.0,2750.0,0.3117435589097113,0.31225175963936636
131,2.0,2800.0,0.49043058244348003,0.4919231776216577
132,2.0,2850.0,0.16331920821420454,0.16100979791389136
133,2.0,2900.0,0.0529292756674522,0.0537497303313188
134,2.0,2950.0,0.6213994236604776,0.6107197131059365
135,2.0,3000.0,0.20063510873387713,0.20331572349005
136,2.0,3050.0,0.4574899650688167,0.4561994108471481
137,2.0,3100.0,0.36373588635979104,0.3571830749442597
138,2.0,3150.0,0.04550667622424953,0.04260863139825233
139,2.0,3200.0,0.8139414699307963,0.8129158577412454
140,2.0,3250.0,0.09049993467351491,0.08889791721344054
141,2.0,3300.0,0.4240804900236981,0.41947210640682897
142,2.0,3350.0,0.034033806628940066,0.03416396912598385
143,2.0,3400.0,0.24763674735891072,0.2438820918835063
144,2.0,3450.0,0.4099652809748022,0.40132523309057433
145,2.0,3500.0,0.017027818306132758,0.016910619390955617
146,2.0,3550.0,0.08936618352092296,0.08877572268914946
147,2.0,3600.0,0.5094956418270051,0.5094371046661728
148,2.0,3650.0,0.19020537729738862,0.186265466725672
149,2.0,3700.0,0.28352157181135595,0.28852747905384746
150,3.0,0.0,0.2877511331448659,0.2925728111686112
151,3.0,50.0,0.10672168388009418,0.10549936855204223
152,3.0,100.0,0.10227427922291099,0.10489281304398901
153,3.0,150.0,0.2597427731186599,0.2647878868749558
154,3.0,200.0,0.32076107975353807,0.321601873342388
155,3.0,250.0,0.23847203679019913,0.23923570988495158
156,3.0,300.0,0.20071897299335717,0.20729223439135325
157,3.0,350.0,0.40692575759362626,0.4030976940147184
158,3.0,400.0,0.13289261681597964,0.13328662971366612
159,3.0,450.0,0.4675111055398702,0.469914316995073
160,3.0,500.0,0.3821053366900742,0.37941186074749567
161,3.0,550.0,0.09659335959784698,0.09683933903917818
162,3.0,600.0,0.6603219346924334,0.6618811932331425
163,3.0,650.0,0.5336997950644218,0.5296545696071462
164,3.0,700.0,0.17882313702011743,0.18131634210385528
165,3.0,750.0,0.2648413286786848,0.26360968864000256
166,3.0,800.0,0.29012268489447024,0.29181892381132
167,3.0,850.0,0.19077962616906774,0.19250251688536935
168,3.0,900.0,0.2325110144038227,0.23538684000322618
169,3.0,950.0,0.7671005432712263,0.7587773450723034
170,3.0,1000.0,0.11790308396302862,0.11751946567528648
171,3.0,1050.0,0.17126117038787925,0.17091379501653137
172,3.0,1100.0,0.18536870427296037,0.18442538302775802
173,3.0,1150.0,0.12174359627783815,0.12351398488817722
174,3.0,1200.0,0.08743333882512161,0.08813660583700766
175,3.0,1250.0,0.35506597678977414,0.35107222296846885
176,3.0,1300.0,0.38596378944453136,0.3853651676656682
177,3.0,1350.0,0.3491652418855793,0.3518060561712133
178,3.0,1400.0,0.04604945425489859,0.04546390390032684
179,3.0,1450.0,0.47159065753982077,0.47061466351885883
180,3.0,1500.0,0.11848770536357689,0.11829711060552439
181,3.0,1550.0,0.45165566858383954,0.4469446483644788
182,3.0,1600.0,0.21179135010379468,0.214928946928012
183,3.0,1650.0,0.35615423671771396,0.35784207825452086
184,3.0,1700.0,0.5570495978358849,0.5659392962618313
185,3.0,1750.0,0.30452363448785036,0.30568452744410024
186,3.0,1800.0,0.09359555430932787,0.0956546903107558
187,3.0,1850.0,0.4225561751761049,0.42615729280388237
188,3.0,1900.0,0.09585508052012415,0.0963876093761371
189,3.0,1950.0,2.3942517063410342,2.3966379119638006
190,3.0,2000.0,0.19487355920173144,0.19750522305485774
191,3.0,2050.0,0.09864314039708688,0.1003710288007369
192,3.0,2100.0,0.5898108971001648,0.5838366350421893
193,3.0,2150.0,0.28621905874780396,0.28171025593150034
194,3.0,2200.0,0.14858357702510006,0.14901160800555857
195,3.0,2250.0,0.023177588887769218,0.022980401208691603
196,3.0,2300.0,0.4169489539646065,0.40966371151273506
197,3.0,2350.0,0.16872497028361977,0.1703895450427808
198,3.0,2400.0,0.040267059283848994,0.04193399596448444
199,3.0,2450.0,0.30332132125454336,0.2997200837017999
200,3.0,2500.0,0.08546143458193001,0.08323446466511086
201,3.0,2550.0,0.28399662612446264,0.28153323790502327
202,3.0,2600.0,0.5184461712453725,0.5138345560006776
203,3.0,2650.0,0.38076839944471885,0.37696199730351054
204,3.0,2700.0,0.22614709385197784,0.22557081184640992
205,3.0,2750.0,0.5816971781760003,0.5838501112331187
206,3.0,2800.0,0.17473497360788315,0.17417055494911438
207,3.0,2850.0,0.06647585369137232,0.06478428531954705
208,3.0,2900.0,0.27750766209095445,0.286324318102686
209,3.0,2950.0,0.12182371065705411,0.12129395913075314
210,3.0,3000.0,0.21795029770100882,0.21348881037138767
211,3.0,3050.0,0.3987486750474645,0.3955596687464151
212,3.0,3100.0,0.28819416151532096,0.28764520651543535
213,3.0,3150.0,0.06579672104180645,0.06382665040018765
214,3.0,3200.0,0.3610300571817717,0.3599769746851891
215,3.0,3250.0,0.2711258169770754,0.2697977738220625
216,3.0,3300.0,0.04636427972718593,0.04657771786924059
217,3.0,3350.0,0.487499262710827,0.4868897109498107
218,3.0,3400.0,0.6609507736156957,0.6695923481620412
219,3.0,3450.0,0.0619857509406927,0.06081198388810094
220,3.0,3500.0,0.4899502917210157,0.48639956566194087
221,3.0,3550.0,0.5648626553611393,0.5650525857245157
222,3.0,3600.0,0.8491537190963072,0.8462174560609128
223,3.0,3650.0,0.36657647902865165,0.36877174272723323
224,3.0,3700.0,0.13060231698841562,0.12725637584810556
225,4.0,0.0,0.314518679191675,0.30825784032822057
226,4.0,50.0,0.08288721091480511,0.08256003880137541
227,4.0,100.0,0.22003453826160424,0.22253229341579583
228,4.0,150.0,0.3596961921257389,0.3603951918139501
229,4.0,200.0,0.21831925430777233,0.2216090433412461
230,4.0,250.0,0.07964398209014689,0.07868157935217823
231,4.0,300.0,0.14756939446567685,0.1488189481289055
232,4.0,350.0,0.36491353696783335,0.36910075082460025
233,4.0,400.0,0.1829405891674014,0.18237186390592797
234,4.0,450.0,0.7383579038518384,0.7311241994587228
235,4.0,500.0,0.47319517958229085,0.4758349995292406
236,4.0,550.0,0.014706371221336667,0.01487315175609183
237,4.0,600.0,0.12472069053228552,0.12300679679913173
238,4.0,650.0,0.1526017537843245,0.15261085687529885
239,4.0,700.0,0.672926949973693,0.6792970279938615
240,4.0,750.0,0.43148023859612294,0.43739631537755486
241,4.0,800.0,0.22603583539739702,0.22299432808540587
242,4.0,850.0,1.0072261149193658,1.0116989280613566
243,4.0,900.0,0.20404401594925048,0.20355732400616944
244,4.0,950.0,0.6155015684792033,0.616286766336998
245,4.0,1000.0,0.2972176468397265,0.29609773718038923
246,4.0,1050.0,0.1315145057560585,0.12870635791114182
247,4.0,1100.0,0.1645751604029897,0.163404404690084
248,4.0,1150.0,0.754065837607925,0.7466373659305532
249,4.0,1200.0,0.24683501398249064,0.24701405769519624
250,4.0,1250.0,0.36949517622133454,0.37266934412627917
251,4.0,1300.0,0.022157364465911655,0.021473451321291748
252,4.0,1350.0,0.3551360505107368,0.35480749733778794
253,4.0,1400.0,0.3527685598159849,0.35266437429771713
254,4.0,1450.0,0.13834481673984556,0.1383700055287136
255,4.0,1500.0,0.32102655907465305,0.32566678289595075
256,4.0,1550.0,0.20430197064328404,0.20905253179972583
257,4.0,1600.0,0.28730011138850386,0.2852101153002877
258,4.0,1650.0,0.38962073998298763,0.3944054094090248
259,4.0,1700.0,0.10570326473998648,0.10716972893601451
260,4.0,1750.0,0.5314863352019188,0.5378297479432916
261,4.0,1800.0,0.7511588959488336,0.7458577116071581
262,4.0,1850.0,0.1761863942453803,0.17069949897070869
263,4.0,1900.0,0.6124557531441965,0.6194041195006719
264,4.0,1950.0,0.11570613658423667,0.11766794463281371
265,4.0,2000.0,0.43101771014852375,0.4310791890092105
266,4.0,2050.0,0.16570979981138123,0.16591396939381298
267,4.0,2100.0,0.017674078018892203,0.017733771321204017
268,4.0,2150.0,0.3494575723017306,0.35144848028028264
269,4.0,2200.0,0.17445269231313887,0.17651457619763278
270,4.0,2250.0,0.18349851339417,0.18470689849937116
271,4.0,2300.0,0.2374506672404948,0.23714647023280122
272,4.0,2350.0,0.1083499950532314,0.10855578303244329
273,4.0,2400.0,0.20125582784294238,0.2003406435260331
274,4.0,2450.0,0.06413865027934662,0.06466712965811894
275,4.0,2500.0,0.19562993987528543,0.19771729127204907
276,4.0,2550.0,0.5121119932714464,0.5083000035607483
277,4.0,2600.0,0.08728941586650762,0.0893279618503584
278,4.0,2650.0,0.204068702114796,0.20537735961113412
279,4.0,2700.0,0.6899818259453241,0.6913870234329806
280,4.0,2750.0,0.12159716907706297,0.12264632831050903
281,4.0,2800.0,0.218684808776743,0.21387509031342233
282,4.0,2850.0,0.18354201690408445,0.1822934028759846
283,4.0,2900.0,0.475321524098689,0.4784937197637902
284,4.0,2950.0,0.4369235049138904,0.4334835151853138
285,4.0,3000.0,0.36831458103051773,0.36844208365778286
286,4.0,3050.0,0.44904284822037965,0.44824773401179385
287,4.0,3100.0,0.08529589925478831,0.08497131018896198
288,4.0,3150.0,0.032539527577000626,0.0332675594875127
289,4.0,3200.0,0.20477761275196826,0.20608414269736386
290,4.0,3250.0,0.1569164067161637,0.16002842982931043
291,4.0,3300.0,0.3564902759918436,0.3536958464585318
292,4.0,3350.0,0.10458201376141218,0.1035908897170188
293,4.0,3400.0,0.36015048575120545,0.35971511512991583
294,4.0,3450.0,0.15784717405408344,0.15715942930229687
295,4.0,3500.0,0.09697223431390967,0.09828302128656219
296,4.0,3550.0,0.08353000111810616,0.08266310370572683
297,4.0,3600.0,0.13508488786180406,0.13305043202296174
298,4.0,3650.0,0.5718310742244626,0.569156391828983
299,4.0,3700.0,0.028213586103843724,0.02817882927496207
300,5.0,0.0,0.092149865275033,0.09216914443950941
301,5.0,50.0,0.09416021685910891,0.09591028857812489
302,5.0,100.0,0.31243045910662914,0.31622137635886816
303,5.0,150.0,0.02976558933164597,0.02992733031987882
304,5.0,200.0,0.14973213434649324,0.14809764498198774
305,5.0,250.0,0.02171420024524018,0.022212466309040835
306,5.0,300.0,0.05771938949084188,0.059217250353412965
307,5.0,350.0,0.18806023437227282,0.18965181273057397
308,5.0,400.0,0.1206008478120566,0.11952452598688978
309,5.0,450.0,0.21620691228918076,0.214110829657443
310,5.0,500.0,0.1507645455740203,0.15057881389876115
311,5.0,550.0,0.016548091121968866,0.015880210948207463
312,5.0,600.0,0.25657726450879137,0.266468202955934
313,5.0,650.0,0.1497971885713696,0.14735991449515495
314,5.0,700.0,0.1511894541117722,0.14935372790046086
315,5.0,750.0,0.15152526908639175,0.1527073547021871
316,5.0,800.0,0.06301670743140875,0.06392877050040013
317,5.0,850.0,0.4561417166908086,0.4570128027780811
318,5.0,900.0,0.08714799077804258,0.08587307179126569
319,5.0,950.0,0.11575648475985645,0.11632995694139936
320,5.0,1000.0,0.13937176306384913,0.13965053885146972
321,5.0,1050.0,0.16944119642663225,0.1662380781141124
322,5.0,1100.0,0.17081102316675612,0.16580734328853453
323,5.0,1150.0,0.3766241089662046,0.3785767522836525
324,5.0,1200.0,0.45370561583885305,0.4499770263824914
325,5.0,1250.0,0.020678028695761963,0.02154671263721708
326,5.0,1300.0,0.04224036806888698,0.04285645005702676
327,5.0,1350.0,0.06504356656307664,0.06219116144552572
328,5.0,1400.0,0.18496584310662456,0.1865159537985619
329,5.0,1450.0,0.27173853098547696,0.2764033046426704
330,5.0,1500.0,0.12494646596030634,0.1268313157238481
331,5.0,1550.0,0.8499108033256562,0.8415199688765824
332,5.0,1600.0,0.03175451861534384,0.03135355184713262
333,5.0,1650.0,0.19783649863188657,0.19994958591200884
334,5.0,1700.0,0.1046235950125265,0.10573968655080535
335,5.0,1750.0,0.20430307408827275,0.19819377966621232
336,5.0,1800.0,0.02507988658379645,0.025161265938663746
337,5.0,1850.0,0.14812033578618866,0.1473903624819286
338,5.0,1900.0,0.31206993263003824,0.3089923565084973
339,5.0,1950.0,0.20215555835329724,0.19871136923120503
340,5.0,2000.0,0.2065202005529443,0.20099061851045974
341,5.0,2050.0,0.26457676357629367,0.24967242599219475
342,5.0,2100.0,0.418718901728651,0.42000385687151365
343,5.0,2150.0,0.08617791371145245,0.08742171354535344
344,5.0,2200.0,0.01914740571893958,0.018776598181581505
345,5.0,2250.0,0.01600565522567976,0.01569994243106798
346,5.0,2300.0,0.4341182005846349,0.42265987076643796
347,5.0,2350.0,0.04279574725187274,0.04251055558724559
348,5.0,2400.0,0.36569116020120873,0.37215208896259355
349,5.0,2450.0,0.15785904528436845,0.158872276900496
350,5.0,2500.0,0.3348872022256688,0.33971130473025424
351,5.0,2550.0,0.11429351072729332,0.11563498714596676
352,5.0,2600.0,0.15264475728622529,0.1519330817525315
353,5.0,2650.0,0.6375939894015801,0.6425928791991851
354,5.0,2700.0,0.24359324674232852,0.24465489716740407
355,5.0,2750.0,0.08576826878970678,0.08318654120148494
356,5.0,2800.0,0.20158963446371914,0.20203469618044423
357,5.0,2850.0,0.36302466850030823,0.3622228925165576
358,5.0,2900.0,0.2646699974423239,0.26680568661524084
359,5.0,2950.0,0.2511978118405409,0.24949395223211468
360,5.0,3000.0,0.24922320038856682,0.2498798812941878
361,5.0,3050.0,0.15313065614448362,0.14374903797792626
362,5.0,3100.0,0.2203219688360889,0.22252682669877544
363,5.0,3150.0,0.00841236165476289,0.0085952512735048
364,5.0,3200.0,0.07622530423964236,0.0754054613939843
365,5.0,3250.0,0.17942996990086613,0.17643442456687808
366,5.0,3300.0,0.03226303111409479,0.035078829773393494
367,5.0,3350.0,0.1643732812409553,0.16565539705078436
368,5.0,3400.0,0.1639625243955507,0.16159636051533255
369,5.0,3450.0,0.4392360519277645,0.4357350978764316
370,5.0,3500.0,0.08386630110971538,0.08514291232635429
371,5.0,3550.0,0.15003719422713857,0.147204202945602
372,5.0,3600.0,0.05103906125394886,0.05132310194742473
373,5.0,3650.0,0.04733215376609223,0.04825486107301913
374,5.0,3700.0,0.5879322503424191,0.5899021261575399
375,6.0,0.0,0.22247325007651853,0.2240477315267526
376,6.0,50.0,0.238587937749962,0.23975720687444735
377,6.0,100.0,0.10825889845352776,0.1111062293670102
378,6.0,150.0,0.08533256134293588,0.08608915766963854
379,6.0,200.0,0.15302254326644515,0.14916419352871912
380,6.0,250.0,0.06627038795666351,0.06756932169668062
381,6.0,300.0,0.024983167403874518,0.024925951359264786
382,6.0,350.0,0.02242671593921841,0.02291549624351319
383,6.0,400.0,0.4071647390275004,0.4037811653590282
384,6.0,450.0,0.0605988799716215,0.05914790343467757
385,6.0,500.0,0.07382001635286173,0.07510035147056726
386,6.0,550.0,0.06590968732137759,0.06474414472170542
387,6.0,600.0,0.009756091943870615,0.009839838455434347
388,6.0,650.0,0.23201893407070884,0.2330445765360878
389,6.0,700.0,0.3439394080996703,0.34335860171630195
390,6.0,750.0,0.09650659910243986,0.0962726232680211
391,6.0,800.0,0.19385134067147192,0.19352131783603
392,6.0,850.0,0.009278308324297324,0.009223526935258075
393,6.0,900.0,0.08938045212049728,0.08864234372616364
394,6.0,950.0,0.07512379718912143,0.07653865760244116
395,6.0,1000.0,0.25807707439879835,0.26312847117418414
396,6.0,1050.0,1.0297305111589594,1.0327450998311178
397,6.0,1100.0,0.8068482929684251,0.8008152739439538
398,6.0,1150.0,0.10422659105725529,0.10356909367528999
399,6.0,1200.0,0.060959724414182404,0.06215723247388638
400,6.0,1250.0,0.1100334246398802,0.11076029949120425
401,6.0,1300.0,0.5609590492395,0.5596725718382913
402,6.0,1350.0,0.13361537578725757,0.13721107726973925
403,6.0,1400.0,0.01821516000190071,0.01870354272729413
404,6.0,1450.0,0.03311494033405893,0.0338958698775258
405,6.0,1500.0,0.2646400892681413,0.26793438722756946
406,6.0,1550.0,0.028798784278492917,0.029189478176945727
407,6.0,1600.0,0.29176745706467955,0.29545389905786124
408,6.0,1650.0,0.22888101275796657,0.23432330117624645
409,6.0,1700.0,0.013495444567297454,0.01358384118543654
410,6.0,1750.0,1.252053248842799,1.2585464955953398
411,6.0,1800.0,0.016158044786919845,0.016393158524948603
412,6.0,1850.0,0.24968236686282808,0.25230926969358336
413,6.0,1900.0,0.18406172673473975,0.1801950413571376
414,6.0,1950.0,0.5405869679972639,0.5327376285219074
415,6.0,2000.0,0.4491267903636924,0.4447396024829402
416,6.0,2050.0,0.31363179738775315,0.311060923571965
417,6.0,2100.0,0.03346533531507134,0.03384418186489313
418,6.0,2150.0,0.06401764787193542,0.06851638446215702
419,6.0,2200.0,0.08243261478463593,0.08538899528109267
420,6.0,2250.0,0.026421753002352943,0.027993662302719713
421,6.0,2300.0,0.1992531942469138,0.19787929005951055
422,6.0,2350.0,0.00660121994927465,0.006677953135152848
423,6.0,2400.0,0.019543786892754156,0.01856810329905967
424,6.0,2450.0,0.1861332300848062,0.183174182072662
425,6.0,2500.0,0.47047405319005975,0.4585652951073911
426,6.0,2550.0,0.12535927807652314,0.12275800665891978
427,6.0,2600.0,0.046484857806831315,0.046171747156677156
428,6.0,2650.0,0.05738108245301987,0.06108315541448661
429,6.0,2700.0,0.2957611725789846,0.28942907109992433
430,6.0,2750.0,0.041917981531355064,0.04261687996816432
431,6.0,2800.0,0.3580749065789206,0.3616703197289297
432,6.0,2850.0,0.21555340884805219,0.21341795661084006
433,6.0,2900.0,0.38628413911101234,0.38304310602302394
434,6.0,2950.0,0.11280372964026952,0.11675379960271215
435,6.0,3000.0,0.08783289892744506,0.08686960511477082
436,6.0,3050.0,0.08561632611673442,0.08338728124431238
437,6.0,3100.0,0.10090635212895904,0.10029003173531237
438,6.0,3150.0,0.020786108304339024,0.022011224402820773
439,6.0,3200.0,0.020479476292052823,0.021876170197401734
440,6.0,3250.0,0.29409094483477816,0.290018021831969
441,6.0,3300.0,0.2248290384295828,0.22691361173936997
442,6.0,3350.0,0.09017498382672784,0.08921546902183763
443,6.0,3400.0,0.30948535388260723,0.3128681053243838
444,6.0,3450.0,0.05483677788092578,0.05517614015095518
445,6.0,3500.0,0.049835917198265633,0.049028359017484036
446,6.0,3550.0,0.128455908623323,0.12567106878583445
447,6.0,3600.0,0.36213939610658485,0.3643888737801433
448,6.0,3650.0,0.049033770910112295,0.04775940380733168
449,6.0,3700.0,0.4790159550914832,0.4692732271387281
450,7.0,0.0,0.012020433555903764,0.012137687813577713
451,7.0,50.0,0.23180453311647398,0.2344634895798663
452,7.0,100.0,0.15718256168952216,0.1610336444138607
453,7.0,150.0,0.03752012018601647,0.037452292517741625
454,7.0,200.0,0.3224191116387267,0.32254509993150293
455,7.0,250.0,0.012165455387020074,0.012257415041204478
456,7.0,300.0,0.16116624095185506,0.16498562199057387
457,7.0,350.0,0.0998793678244283,0.10181202467063599
458,7.0,400.0,0.0521158038085332,0.051353552836303606
459,7.0,450.0,0.015932901599086335,0.016066533277580675
460,7.0,500.0,0.008108341009822606,0.008137689473693754
461,7.0,550.0,0.00757785530617916,0.00735203220627767
462,7.0,600.0,0.0725896339489509,0.071628098768997
463,7.0,650.0,0.31562975077940747,0.3115017929164874
464,7.0,700.0,0.6214244706475256,0.6227273869546934
465,7.0,750.0,0.024140191033721337,0.023962186231724303
466,7.0,800.0,0.635312154498322,0.6306207207356476
467,7.0,850.0,0.3630890202272212,0.36910321988076333
468,7.0,900.0,0.014931746848075633,0.015002666316602742
469,7.0,950.0,0.14149358220765684,0.14061759707555943
470,7.0,1000.0,0.002736418578919597,0.00258797322479154
471,7.0,1050.0,0.002918257294304283,0.0027438292142960563
472,7.0,1100.0,0.013234864500020649,0.013115094144325212
473,7.0,1150.0,0.0499518396040628,0.04881837062905703
474,7.0,1200.0,0.04112196488723896,0.045369169678163956
475,7.0,1250.0,0.23762003750869098,0.23708979220168658
476,7.0,1300.0,0.23509847214735613,0.23413910238639302
477,7.0,1350.0,0.0765981285294397,0.07381372314910051
478,7.0,1400.0,0.053108943030508726,0.05332816831267406
479,7.0,1450.0,0.198129018361211,0.20202542557870729
480,7.0,1500.0,0.2903420518708515,0.2955952613941406
481,7.0,1550.0,0.16542561112495946,0.1649737177140338
482,7.0,1600.0,0.16976811703739259,0.16901160806574467
483,7.0,1650.0,0.07844107335597528,0.08109628284216797
484,7.0,1700.0,0.20403893782119553,0.20384335013540067
485,7.0,1750.0,0.22036331202772885,0.22392877225176733
486,7.0,1800.0,0.015029178425777445,0.015057788039200659
487,7.0,1850.0,0.09735127712394842,0.09911960232659567
488,7.0,1900.0,0.1892447776522772,0.19243244474574794
489,7.0,1950.0,0.16013167892123148,0.15787298940300287
490,7.0,2000.0,0.10434161995307534,0.10375296654900978
491,7.0,2050.0,0.16467235566900484,0.16571628330036248
492,7.0,2100.0,0.12725166448433356,0.12807402758289754
493,7.0,2150.0,0.9449177997233829,0.9554460484666829
494,7.0,2200.0,0.035045434204572956,0.03462973743593167
495,7.0,2250.0,0.32049309975443663,0.31720521919121225
496,7.0,2300.0,0.17783751693701744,0.18113935767539102
497,7.0,2350.0,0.11310258952303975,0.11523715007817792
498,7.0,2400.0,0.5972666525749784,0.5891900370942675
499,7.0,2450.0,0.044995652659466145,0.04456887714304969
500,7.0,2500.0,0.11386974098678593,0.11631338069400954
501,7.0,2550.0,0.10124208421439063,0.10228847963935506
502,7.0,2600.0,0.01683813350436436,0.016695388628276575
503,7.0,2650.0,0.2570598297861295,0.2552817005471013
504,7.0,2700.0,0.17637902061764477,0.17807955596133063
505,7.0,2750.0,0.01320440240784393,0.013304780140700245
506,7.0,2800.0,0.014224181511053757,0.014257899149583864
507,7.0,2850.0,0.09636373916668983,0.09733997965349683
508,7.0,2900.0,0.04267254946302046,0.04443865106748035
509,7.0,2950.0,0.04482275316075501,0.0447637566309691
510,7.0,3000.0,0.02990455036864148,0.03158725142905894
511,7.0,3050.0,0.23356202503953227,0.23858279876245092
512,7.0,3100.0,0.12094779958474788,0.12095031178530036
513,7.0,3150.0,0.12570832177713065,0.12777505300465108
514,7.0,3200.0,0.03763734969974264,0.03754937963535765
515,7.0,3250.0,0.18938750919414815,0.19005785683066279
516,7.0,3300.0,0.1437816124540059,0.146071587546174
517,7.0,3350.0,0.21400587021297168,0.2123668220953192
518,7.0,3400.0,0.061738859991564254,0.061884291368500044
519,7.0,3450.0,0.2012065143471773,0.20614744310569222
520,7.0,3500.0,0.34770085459520317,0.34867976929725586
521,7.0,3550.0,0.012853840332581967,0.012875368096274542
522,7.0,3600.0,0.2529211322168936,0.25455020224012115
523,7.0,3650.0,0.4424606728111087,0.442069521940482
524,7.0,3700.0,0.04840264159712149,0.049256153837397676
525,8.0,0.0,0.019173551114363363,0.01899016377137741
526,8.0,50.0,0.10895590458017068,0.10617893054029537
527,8.0,100.0,0.08564898019335487,0.08343084009766244
528,8.0,150.0,0.04190404654457236,0.04339251732142113
529,8.0,200.0,0.12859237150684066,0.13158544137428407
530,8.0,250.0,0.06651780355966253,0.06616330436960993
531,8.0,300.0,0.1336969094351943,0.13257386980455266
532,8.0,350.0,0.23971788820273332,0.24290118212746847
533,8.0,400.0,0.025277843753417795,0.02530806376278072
534,8.0,450.0,0.03279548855461911,0.032999880519245295
535,8.0,500.0,0.11474395148979966,0.11566167538568095
536,8.0,550.0,0.8624973658648525,0.8396770036390944
537,8.0,600.0,0.05429001545508072,0.054175780090645276
538,8.0,650.0,0.34289680072072315,0.35247478419398703
539,8.0,700.0,0.003891846509474828,0.0038253754975126064
540,8.0,750.0,0.1422699599096191,0.14310453326582717
541,8.0,800.0,0.059511567571462365,0.055199168536546495
542,8.0,850.0,0.010700372775197309,0.011598315906795165
543,8.0,900.0,0.0861189628657466,0.0851596279821134
544,8.0,950.0,0.011527050199999334,0.011220263557061738
545,8.0,1000.0,0.008625413183885211,0.009079689246322076
546,8.0,1050.0,0.3180198870442865,0.323727311528927
547,8.0,1100.0,0.6712353590992173,0.6748172800837331
548,8.0,1150.0,0.08030532990679218,0.08144575588426006
549,8.0,1200.0,0.01804584671504017,0.018501409083910403
550,8.0,1250.0,0.15115430109767303,0.15541921169110928
551,8.0,1300.0,0.005203968202486475,0.005311800364068642
552,8.0,1350.0,0.01771353722380864,0.017846200584464622
553,8.0,1400.0,0.07030876183339352,0.07323590051066553
554,8.0,1450.0,0.004638881348739687,0.004554628312632758
555,8.0,1500.0,0.00705098575273766,0.007349560472974304
556,8.0,1550.0,0.23406964518559192,0.23149400550777344
557,8.0,1600.0,0.10006457495235566,0.10017077177232636
558,8.0,1650.0,0.0008704554025271705,0.0008862763668915363
559,8.0,1700.0,0.4224295520149006,0.42149018960282447
560,8.0,1750.0,0.032365428516413886,0.033489933052237575
561,8.0,1800.0,0.01115079255589535,0.010735060751414949
562,8.0,1850.0,0.008244339841041892,0.008232251940285096
563,8.0,1900.0,0.15996105607478484,0.16397965164737371
564,8.0,1950.0,0.21879002629758482,0.2198893983886432
565,8.0,2000.0,0.013500731531507881,0.014400377102617767
566,8.0,2050.0,0.17423292864248907,0.1784641235725566
567,8.0,2100.0,0.022477408550283684,0.021980997231251465
568,8.0,2150.0,0.22327135007674315,0.2309801461225902
569,8.0,2200.0,0.17153969205659791,0.17295035895429578
570,8.0,2250.0,0.29121612785218076,0.2923907592139017
571,8.0,2300.0,0.015367880562191072,0.015959624467110967
572,8.0,2350.0,0.024198611978960116,0.024100067186481056
573,8.0,2400.0,0.08157426232365594,0.08237794674820975
574,8.0,2450.0,0.20784122885392975,0.2099753799377524
575,8.0,2500.0,0.004432364833860447,0.004364682172564471
576,8.0,2550.0,0.29091188386223266,0.2915106143612398
577,8.0,2600.0,0.14888743688375916,0.14356247312851078
578,8.0,2650.0,0.06256412809879919,0.06185427418497369
579,8.0,2700.0,0.2802814936428035,0.28531517512592997
580,8.0,2750.0,0.3161374410297526,0.31546071133985265
581,8.0,2800.0,0.15267826706815013,0.1529633884464907
582,8.0,2850.0,0.061384543130742486,0.06397450823462236
583,8.0,2900.0,0.12058134997892012,0.12055554547112024
584,8.0,2950.0,0.023159724089054645,0.022579254450647124
585,8.0,3000.0,0.05578964532436714,0.05638102477098528
586,8.0,3050.0,0.055710395956701575,0.05597617804846777
587,8.0,3100.0,0.3009803113946816,0.29184526884994
588,8.0,3150.0,0.18247224124998773,0.18648397026760755
589,8.0,3200.0,0.017975362343342738,0.018638375292873377
590,8.0,3250.0,0.0828452444883716,0.07262400171993377
591,8.0,3300.0,0.10991062555137843,0.10767517450575737
592,8.0,3350.0,0.023897790294325816,0.024096916624436915
593,8.0,3400.0,0.12449803264268056,0.12331034734574331
594,8.0,3450.0,0.011493735790977677,0.011248075281443004
595,8.0,3500.0,0.008001787806726668,0.007891479516878519
596,8.0,3550.0,0.026091014616099528,0.025028388983429295
597,8.0,3600.0,0.5151186231396991,0.5097730184987199
598,8.0,3650.0,0.18002899477092882,0.17963672018737498
599,8.0,3700.0,0.14411083125094137,0.1473874380824327
600,9.0,0.0,0.272708497752546,0.2726814239856945
601,9.0,50.0,0.02035312490372121,0.021341372092990696
602,9.0,100.0,0.005208561383362564,0.005119653539050972
603,9.0,150.0,0.07729157555158395,0.07485036736822792
604,9.0,200.0,0.3761062736417138,0.38045053487598324
605,9.0,250.0,0.08944046225079028,0.08661429660443609
606,9.0,300.0,0.1884200473277815,0.1898047876197353
607,9.0,350.0,0.4307244011353002,0.418827351950362
608,9.0,400.0,0.030295194740848075,0.0302522285324045
609,9.0,450.0,0.9020363265447635,0.8806030700628682
610,9.0,500.0,0.3332860856615518,0.3329664454764263
611,9.0,550.0,0.07618029811753457,0.07403122924836181
612,9.0,600.0,0.17417741369365025,0.17268196568283045
613,9.0,650.0,0.05434376747507086,0.056810041945932976
614,9.0,700.0,0.00757066402155715,0.007586474302001545
615,9.0,750.0,0.04956037803633029,0.04936831654230822
616,9.0,800.0,0.001783229128832442,0.0017986843989343804
617,9.0,850.0,0.06258630516367347,0.06315950268116666
618,9.0,900.0,0.3825498022083553,0.3863902853622623
619,9.0,950.0,0.0027543728440941884,0.0030112361869778503
620,9.0,1000.0,0.13526298391536073,0.13759510991655333
621,9.0,1050.0,0.019957645434914184,0.02052008138556971
622,9.0,1100.0,0.014190335749731275,0.013689961317368216
623,9.0,1150.0,0.016905494455983217,0.01775460015784347
624,9.0,1200.0,0.28010369316836936,0.2758978213719683
625,9.0,1250.0,0.14144721903923552,0.13961970307265226
626,9.0,1300.0,0.03473084868797116,0.035059677550510315
627,9.0,1350.0,0.026284501162137985,0.025878656106897324
628,9.0,1400.0,0.0022599421977851364,0.0023642298941624063
629,9.0,1450.0,0.003646019050862037,0.0034382648758253254
630,9.0,1500.0,0.018245528204410277,0.018236798020183187
631,9.0,1550.0,0.02341356277020168,0.024626456825899368
632,9.0,1600.0,0.20318793946785263,0.20213011801376934
633,9.0,1650.0,0.042429899111780855,0.04303199637746502
634,9.0,1700.0,0.06456498302597025,0.0653487667578605
635,9.0,1750.0,0.4555501831870643,0.4617880854271519
636,9.0,1800.0,0.07666441679019442,0.07517797388793568
637,9.0,1850.0,0.04191241793988354,0.03766588577816776
638,9.0,1900.0,0.1552027206868143,0.15387768393389756
639,9.0,1950.0,0.30708495081753284,0.30836185858642295
640,9.0,2000.0,0.03758652941870855,0.03688415786927157
641,9.0,2050.0,0.15418499814558073,0.15547099540799492
642,9.0,2100.0,0.0035379132100334942,0.0036390555085237253
643,9.0,2150.0,0.009152012330415626,0.009416999596536524
644,9.0,2200.0,0.007519894534425475,0.007884449920311454
645,9.0,2250.0,0.0077154575335569575,0.007915094351282903
646,9.0,2300.0,0.07131863562054219,0.07056414875734118
647,9.0,2350.0,0.012994097188869347,0.012749763265886838
648,9.0,2400.0,0.577656523031898,0.5908502504068807
649,9.0,2450.0,0.06340586468293985,0.0661366954027045
650,9.0,2500.0,0.1556614301224073,0.15761540194442603
651,9.0,2550.0,0.03613618142252051,0.03434632932291848
652,9.0,2600.0,0.010814504402333114,0.010184546274587092
653,9.0,2650.0,0.19179123118061403,0.19435452191606473
654,9.0,2700.0,0.3627820793315091,0.36594252239274105
655,9.0,2750.0,0.366459308263293,0.36754983546609665
656,9.0,2800.0,0.022965171153217057,0.02321360548344842
657,9.0,2850.0,0.030439434073940674,0.029707836469100357
658,9.0,2900.0,0.015829725542964468,0.017135598395356055
659,9.0,2950.0,0.0029921307990861123,0.0030363735624376886
660,9.0,3000.0,0.38972556167801997,0.40113722767934235
661,9.0,3050.0,0.8281173854573254,0.8196547719941805
662,9.0,3100.0,0.3987014121456016,0.39571030062523205
663,9.0,3150.0,0.08231916592105293,0.08002327635098538
664,9.0,3200.0,0.1327965121430097,0.1328645735456675
665,9.0,3250.0,0.08679907722375857,0.09026423014392959
666,9.0,3300.0,0.161928818477179,0.1591181295377737
667,9.0,3350.0,0.0537088209699732,0.05057075929505572
668,9.0,3400.0,0.017482062628427997,0.01744884187166562
669,9.0,3450.0,0.0189240642250752,0.018628707421385116
670,9.0,3500.0,0.012871948055895643,0.01221260979592742
671,9.0,3550.0,0.21985564164543803,0.21825425352230354
672,9.0,3600.0,0.03885073943195039,0.038854636644700236
673,9.0,3650.0,0.02623254890380622,0.026416584901056694
674,9.0,3700.0,0.009396344797281131,0.009852686773712094
675,10.0,0.0,0.00622978814647368,0.007554308546481536
676,10.0,50.0,0.012054823701120654,0.012300280694422128
677,10.0,100.0,0.002828705512897045,0.0029738286531610925
678,10.0,150.0,0.11650967394274403,0.12080257563145125
679,10.0,200.0,0.11893077941346064,0.11459237742877804
680,10.0,250.0,0.016373139110777757,0.0165523862087813
681,10.0,300.0,0.25613084551076426,0.2503493490833044
682,10.0,350.0,0.01125880577750138,0.011494019389587606
683,10.0,400.0,0.10024138284541806,0.10150399719113778
684,10.0,450.0,0.025702680495385266,0.025981877912101936
685,10.0,500.0,0.03850103483624423,0.03867886092774597
686,10.0,550.0,0.005040836841078811,0.004210423949178033
687,10.0,600.0,0.15044166618918098,0.14746045453705392
688,10.0,650.0,0.0822958700972265,0.08350160012547292
689,10.0,700.0,0.2936145644087276,0.2943636243426795
690,10.0,750.0,0.0027050576030265283,0.002631443118918053
691,10.0,800.0,0.015309342469677745,0.01453007966760822
692,10.0,850.0,0.06774168741809916,0.06436169296795669
693,10.0,900.0,0.006622887508623165,0.006886334238604519
694,10.0,950.0,0.11056748815909101,0.12294615725058788
695,10.0,1000.0,0.02987959603872481,0.02944340123266853
696,10.0,1050.0,0.009906673478093708,0.01001378490399496
697,10.0,1100.0,0.14341247894043363,0.14247160559555283
698,10.0,1150.0,0.004762190308937875,0.0049192646147204755
699,10.0,1200.0,0.01501159808748298,0.015069890779074058
700,10.0,1250.0,0.06168337432244542,0.05890749681030982
701,10.0,1300.0,0.012667292734588997,0.013472854903225695
702,10.0,1350.0,0.00957402146923414,0.008448134763057169
703,10.0,1400.0,0.010631829642832713,0.01043608422017428
704,10.0,1450.0,0.0006791938415307008,0.0006947034675977015
705,10.0,1500.0,0.022288309500751335,0.020581349500065738
706,10.0,1550.0,0.029850204475820874,0.028929411514496906
707,10.0,1600.0,0.11276340180060629,0.11039417089438075
708,10.0,1650.0,0.023087846426165015,0.023222955863957395
709,10.0,1700.0,0.24722809958666359,0.24007531257688974
710,10.0,1750.0,0.5098999200627929,0.5273242793264217
711,10.0,1800.0,0.09516280541591016,0.0979256316404502
712,10.0,1850.0,0.005612139626482104,0.005240865799525096
713,10.0,1900.0,0.061138838462611034,0.06309885297557072
714,10.0,1950.0,0.021687852057194146,0.021733034507515292
715,10.0,2000.0,0.11435191281883128,0.11615694915272412
716,10.0,2050.0,0.29841046350717937,0.2934521234684677
717,10.0,2100.0,0.02756013242662725,0.028626778668529695
718,10.0,2150.0,0.7719826584580005,0.7901773897815474
719,10.0,2200.0,0.028132832455735723,0.02861019153797706
720,10.0,2250.0,0.2717144653061947,0.2727080793716947
721,10.0,2300.0,0.3184721064173708,0.3187878111528093
722,10.0,2350.0,0.010329736660164457,0.0101829253194623
723,10.0,2400.0,0.02292646982829183,0.02383286431893339
724,10.0,2450.0,0.03908132813678833,0.038533694251214
725,10.0,2500.0,0.2198597343426627,0.2152438503983376
726,10.0,2550.0,0.02160435853051723,0.021666643865660973
727,10.0,2600.0,0.03359816961663453,0.029981153084772227
728,10.0,2650.0,0.06603675305180401,0.06543966221891928
729,10.0,2700.0,0.10125032033453607,0.10193971002137658
730,10.0,2750.0,0.0052515230047305295,0.005530481483212668
731,10.0,2800.0,0.1426567801048204,0.14542787768311527
732,10.0,2850.0,0.1402300469765727,0.13987797339136776
733,10.0,2900.0,0.16917812650478936,0.16355364168327924
734,10.0,2950.0,0.034928597179060716,0.03438945089231993
735,10.0,3000.0,0.09488744938902904,0.09539664997236486
736,10.0,3050.0,0.07254824296633444,0.0688474006421913
737,10.0,3100.0,0.01316681521211649,0.01373051755575716
738,10.0,3150.0,0.003928078691401993,0.004008119782895392
739,10.0,3200.0,0.037277742606647735,0.037548949475876725
740,10.0,3250.0,0.07940414233053161,0.08414522660524426
741,10.0,3300.0,0.07493044778622959,0.0708710019453207
742,10.0,3350.0,0.22836833510470234,0.23069295255097932
743,10.0,3400.0,0.031389443354424174,0.03248986253272612
744,10.0,3450.0,0.15719050618977404,0.15268738267098492
745,10.0,3500.0,0.16295659248731909,0.1670673832724674
746,10.0,3550.0,0.09762668831113075,0.09755650099837254
747,10.0,3600.0,0.009546701402683766,0.008859306636310293
748,10.0,3650.0,0.003008825420241834,0.003256849212959878
749,10.0,3700.0,0.14284114863482955,0.14446850575382086
750,11.0,0.0,0.057891995497817206,0.05944691466084251
751,11.0,50.0,0.21482620189277668,0.21617038512943054
752,11.0,100.0,0.09785930243837626,0.10072911096825621
753,11.0,150.0,0.0254549399065791,0.02440166782826836
754,11.0,200.0,0.018015391085304255,0.017531487443921634
755,11.0,250.0,0.27958579893203206,0.2925285893680183
756,11.0,300.0,0.029351088038879425,0.030024036179725044
757,11.0,350.0,0.11398883293750828,0.12595848935521303
758,11.0,400.0,0.005722964756341042,0.005786501078734574
759,11.0,450.0,0.020681385247683703,0.020548718058222004
760,11.0,500.0,0.05200494190421523,0.05267441381647586
761,11.0,550.0,0.09620890015545269,0.09710942594628547
762,11.0,600.0,0.12066600084649792,0.11889666816824374
763,11.0,650.0,0.010658920866076116,0.01066941314945602
764,11.0,700.0,0.0014842720337902016,0.0014651542028865094
765,11.0,750.0,0.003814654170355425,0.003976410829636734
766,11.0,800.0,0.021320734152737497,0.02006202034124227
767,11.0,850.0,0.002998222011584062,0.002860582682359336
768,11.0,900.0,0.12504112490475094,0.13314493818116446
769,11.0,950.0,0.035216961975036654,0.03618596656565032
770,11.0,1000.0,0.008591945893329012,0.008420376373180716
771,11.0,1050.0,0.038074988453338676,0.0362067732822382
772,11.0,1100.0,0.01167372435079983,0.01158676892147481
773,11.0,1150.0,0.006157419410726561,0.006294235429464834
774,11.0,1200.0,0.004361782356216093,0.00455053427455665
775,11.0,1250.0,0.03512236239837385,0.033713443426645284
776,11.0,1300.0,0.1734045910584996,0.17135879495731388
777,11.0,1350.0,0.007438341114941238,0.008075825425780891
778,11.0,1400.0,0.5766740392593288,0.6065835213968849
779,11.0,1450.0,0.004398977698425455,0.004010141968675995
780,11.0,1500.0,0.1599873727218859,0.16073397229152375
781,11.0,1550.0,0.006401207821793875,0.006637432069883431
782,11.0,1600.0,0.07407878577960503,0.0642630879846422
783,11.0,1650.0,0.010733204810186692,0.009726003851643128
784,11.0,1700.0,0.016097734801626018,0.017184390719570786
785,11.0,1750.0,0.3811966580102748,0.35738695567916023
786,11.0,1800.0,0.10335532784008805,0.10151764943833363
787,11.0,1850.0,0.1715637279932558,0.1638116093204438
788,11.0,1900.0,0.8093162963513976,0.7987555077072273
789,11.0,1950.0,0.10788492799454019,0.1106631514287244
790,11.0,2000.0,0.25300699418655626,0.25953910032529137
791,11.0,2050.0,0.011226850440493763,0.010498923949668892
792,11.0,2100.0,0.004060427021521207,0.004139239505912329
793,11.0,2150.0,0.039581574137628195,0.04063595470961445
794,11.0,2200.0,0.5688179508612592,0.5629748031164894
795,11.0,2250.0,0.008302666355715527,0.008469231824987489
796,11.0,2300.0,0.16155700736842915,0.16047023772789926
797,11.0,2350.0,0.005418078503311108,0.0054314088516487224
798,11.0,2400.0,0.09785657885083054,0.09794922698846875
799,11.0,2450.0,0.0956035486442488,0.0990275585127165
800,11.0,2500.0,0.04061111720220367,0.03465941183307031
801,11.0,2550.0,0.19753185097928494,0.19545455505874187
802,11.0,2600.0,0.0012512812406697549,0.0012509119226109533
803,11.0,2650.0,0.07243477506625595,0.07065902244561784
804,11.0,2700.0,0.013828154069496001,0.013598561294510425
805,11.0,2750.0,0.013697353872877738,0.013967467268677591
806,11.0,2800.0,0.11667217718794376,0.11663378237730626
807,11.0,2850.0,0.15031443833829172,0.14892108284982442
808,11.0,2900.0,0.012614198973959656,0.012407193811533546
809,11.0,2950.0,0.09839275087312949,0.09198733040883944
810,11.0,3000.0,0.09502778770132636,0.09406709669630686
811,11.0,3050.0,0.011905250145886281,0.011902561498362996
812,11.0,3100.0,0.1480022564019734,0.14977502224143535
813,11.0,3150.0,0.011468416240944634,0.011844906835179358
814,11.0,3200.0,0.22381071886017523,0.23389673191086402
815,11.0,3250.0,0.000954711802602759,0.000943701918185269
816,11.0,3300.0,0.015771909789926042,0.016763762626332834
817,11.0,3350.0,0.12647555540689837,0.12345352025218403
818,11.0,3400.0,0.1386380336299453,0.14179961207483416
819,11.0,3450.0,0.1122614652554148,0.11775141161313485
820,11.0,3500.0,0.13321312950338715,0.12678783856099862
821,11.0,3550.0,0.014394270566370437,0.01580326005301913
822,11.0,3600.0,0.06221737901206836,0.06788925547616698
823,11.0,3650.0,0.07269132443045123,0.07064180849917534
824,11.0,3700.0,0.07927818672220255,0.07798079565085558
825,12.0,0.0,0.011041821901585092,0.010203164241743945
826,12.0,50.0,0.09956512177468779,0.0983685804762322
